"id","Specimen","NFlag","Egg10","Ovip","OvipS","MyrmicaYN","Noperaiepittfall","NoperaiepittfallS","Horigano","HoriganoS","HGrass","HGrassS","Origanupatchdiameter","OriganupatchdiameterS","BV","BVR","BR","BF","NB","scabrinodis","scabrinodisS","sabuleti","sabuletiS","schencki","schenckiS","sulcinodis","sulcinodisS","rugulosa","rugulosaS"
1,1,4,0,0,-0.82,0,0,-0.54,50,0.11,10,-0.56,50,-0.49,0,0,1,1,0,0,-0.45,0,-0.3,0,-0.31,0,-0.17,0,-0.11
2,6,4,0,0,-0.82,0,0,-0.54,50,0.11,10,-0.56,50,-0.49,0,0,1,1,0,0,-0.45,0,-0.3,0,-0.31,0,-0.17,0,-0.11
3,4,20,0,0,-0.82,0,0,-0.54,30,-1.1,10,-0.56,3,-1.39,1,0,0,0,0,0,-0.45,0,-0.3,0,-0.31,0,-0.17,0,-0.11
4,5,24,0,0,-0.82,0,0,-0.54,60,0.71,40,3.52,60,-0.3,1,0,0,0,0,0,-0.45,0,-0.3,0,-0.31,0,-0.17,0,-0.11
5,5,27,0,0,-0.82,0,0,-0.54,70,1.31,15,0.12,190,2.18,1,0,0,0,0,0,-0.45,0,-0.3,0,-0.31,0,-0.17,0,-0.11
6,6,30,0,0,-0.82,0,0,-0.54,37.5,-0.65,15,0.12,50,-0.49,0,0,1,1,0,0,-0.45,0,-0.3,0,-0.31,0,-0.17,0,-0.11
7,8,52,0,0,-0.82,0,0,-0.54,50,0.11,10,-0.56,120,0.85,1,0,0,0,1,0,-0.45,0,-0.3,0,-0.31,0,-0.17,0,-0.11
8,8,53,0,0,-0.82,0,0,-0.54,45,-0.2,15,0.12,90,0.27,1,0,0,0,0,0,-0.45,0,-0.3,0,-0.31,0,-0.17,0,-0.11
9,8,54,0,0,-0.82,0,0,-0.54,25,-1.4,15,0.12,15,-1.16,1,0,0,0,1,0,-0.45,0,-0.3,0,-0.31,0,-0.17,0,-0.11
10,8,60,0,0,-0.82,0,0,-0.54,55,0.41,5,-1.23,25,-0.97,1,0,0,0,0,0,-0.45,0,-0.3,0,-0.31,0,-0.17,0,-0.11
11,8,64,0,0,-0.82,0,0,-0.54,110,3.71,20,0.8,100,0.47,1,0,0,1,0,0,-0.45,0,-0.3,0,-0.31,0,-0.17,0,-0.11
12,10,75,0,0,-0.82,0,0,-0.54,100,3.11,25,1.48,110,0.66,1,0,0,0,0,0,-0.45,0,-0.3,0,-0.31,0,-0.17,0,-0.11
13,10,91,0,0,-0.82,0,0,-0.54,57.5,0.56,20,0.8,70,-0.11,1,1,1,1,0,0,-0.45,0,-0.3,0,-0.31,0,-0.17,0,-0.11
14,10,91,0,0,-0.82,0,0,-0.54,57.5,0.56,20,0.8,70,-0.11,1,1,1,1,0,0,-0.45,0,-0.3,0,-0.31,0,-0.17,0,-0.11
15,12,91,0,0,-0.82,0,0,-0.54,57.5,0.56,20,0.8,70,-0.11,1,1,1,1,0,0,-0.45,0,-0.3,0,-0.31,0,-0.17,0,-0.11
16,10,93,0,0,-0.82,0,0,-0.54,55,0.41,15,0.12,150,1.42,1,1,1,1,0,0,-0.45,0,-0.3,0,-0.31,0,-0.17,0,-0.11
17,12,98,0,0,-0.82,0,0,-0.54,50,0.11,12,-0.28,90,0.27,1,0,0,0,0,0,-0.45,0,-0.3,0,-0.31,0,-0.17,0,-0.11
18,12,102,0,0,-0.82,0,0,-0.54,40,-0.5,5,-1.23,70,-0.11,1,0,0,1,0,0,-0.45,0,-0.3,0,-0.31,0,-0.17,0,-0.11
19,12,104,0,0,-0.82,0,0,-0.54,30,-1.1,20,0.8,40,-0.68,1,0,0,0,1,0,-0.45,0,-0.3,0,-0.31,0,-0.17,0,-0.11
20,12,105,0,0,-0.82,0,0,-0.54,40,-0.5,15,0.12,45,-0.58,1,0,0,0,1,0,-0.45,0,-0.3,0,-0.31,0,-0.17,0,-0.11
21,12,106,0,0,-0.82,0,0,-0.54,55,0.41,18,0.53,40,-0.68,1,0,0,0,0,0,-0.45,0,-0.3,0,-0.31,0,-0.17,0,-0.11
22,12,108,0,0,-0.82,0,0,-0.54,90,2.51,20,0.8,55,-0.39,1,0,0,1,0,0,-0.45,0,-0.3,0,-0.31,0,-0.17,0,-0.11
23,12,112,0,0,-0.82,0,0,-0.54,50,0.11,5,-1.23,65,-0.2,1,1,1,0,0,0,-0.45,0,-0.3,0,-0.31,0,-0.17,0,-0.11
24,12,114,0,0,-0.82,0,0,-0.54,60,0.71,10,-0.56,80,0.08,1,0,0,0,0,0,-0.45,0,-0.3,0,-0.31,0,-0.17,0,-0.11
25,13,129,0,0,-0.82,0,0,-0.54,27.5,-1.25,8,-0.83,50,-0.49,1,1,0,0,1,0,-0.45,0,-0.3,0,-0.31,0,-0.17,0,-0.11
26,14,135,0,0,-0.82,0,0,-0.54,30,-1.1,5,-1.23,50,-0.49,1,1,1,1,1,0,-0.45,0,-0.3,0,-0.31,0,-0.17,0,-0.11
27,14,136,0,0,-0.82,0,0,-0.54,40,-0.5,10,-0.56,100,0.47,1,1,1,1,1,0,-0.45,0,-0.3,0,-0.31,0,-0.17,0,-0.11
28,14,137,0,0,-0.82,0,0,-0.54,45,-0.2,10,-0.56,100,0.47,0,1,1,1,0,0,-0.45,0,-0.3,0,-0.31,0,-0.17,0,-0.11
29,14,139,0,0,-0.82,0,0,-0.54,45,-0.2,8,-0.83,50,-0.49,1,1,1,1,0,0,-0.45,0,-0.3,0,-0.31,0,-0.17,0,-0.11
30,16,149,0,0,-0.82,0,0,-0.54,30,-1.1,10,-0.56,40,-0.68,1,1,1,1,1,0,-0.45,0,-0.3,0,-0.31,0,-0.17,0,-0.11
31,16,150,0,0,-0.82,0,0,-0.54,35,-0.8,11,-0.42,55,-0.39,1,0,1,1,0,0,-0.45,0,-0.3,0,-0.31,0,-0.17,0,-0.11
32,20,166,0,0,-0.82,0,0,-0.54,50,0.11,14,-0.01,90,0.27,1,1,1,1,1,0,-0.45,0,-0.3,0,-0.31,0,-0.17,0,-0.11
33,22,185,0,0,-0.82,0,0,-0.54,60,0.71,15,0.12,120,0.85,1,1,1,1,1,0,-0.45,0,-0.3,0,-0.31,0,-0.17,0,-0.11
34,22,185,0,0,-0.82,0,0,-0.54,60,0.71,15,0.12,120,0.85,0,0,0,0,0,0,-0.45,0,-0.3,0,-0.31,0,-0.17,0,-0.11
35,22,186,0,0,-0.82,0,0,-0.54,40,-0.5,30,2.16,160,1.61,1,1,1,1,1,0,-0.45,0,-0.3,0,-0.31,0,-0.17,0,-0.11
36,1,1,1,3,2.2,0,0,-0.54,30,-1.1,15,0.12,40,-0.68,1,0,0,0,0,0,-0.45,0,-0.3,0,-0.31,0,-0.17,0,-0.11
37,6,37,1,1,0.19,0,0,-0.54,100,3.11,10,-0.56,80,0.08,1,1,1,0,0,0,-0.45,0,-0.3,0,-0.31,0,-0.17,0,-0.11
38,6,37,1,2,1.19,0,0,-0.54,100,3.11,10,-0.56,80,0.08,1,1,1,0,0,0,-0.45,0,-0.3,0,-0.31,0,-0.17,0,-0.11
39,7,50,1,1,0.19,0,0,-0.54,60,0.71,20,0.8,50,-0.49,1,0,0,0,0,0,-0.45,0,-0.3,0,-0.31,0,-0.17,0,-0.11
40,8,51,1,3,2.2,0,0,-0.54,50,0.11,5,-1.23,100,0.47,1,0,0,0,0,0,-0.45,0,-0.3,0,-0.31,0,-0.17,0,-0.11
41,8,59,1,1,0.19,0,0,-0.54,50,0.11,20,0.8,15,-1.16,1,0,0,0,0,0,-0.45,0,-0.3,0,-0.31,0,-0.17,0,-0.11
42,8,61,1,1,0.19,0,0,-0.54,47.5,-0.04,10,-0.56,130,1.04,1,0,1,1,0,0,-0.45,0,-0.3,0,-0.31,0,-0.17,0,-0.11
43,8,61,1,1,0.19,0,0,-0.54,47.5,-0.04,10,-0.56,130,1.04,1,0,1,1,0,0,-0.45,0,-0.3,0,-0.31,0,-0.17,0,-0.11
44,8,62,1,3,2.2,0,0,-0.54,60,0.71,10,-0.56,50,-0.49,1,0,1,1,0,0,-0.45,0,-0.3,0,-0.31,0,-0.17,0,-0.11
45,8,63,1,4,3.2,0,0,-0.54,50,0.11,10,-0.56,90,0.27,1,0,0,1,0,0,-0.45,0,-0.3,0,-0.31,0,-0.17,0,-0.11
46,8,65,1,1,0.19,0,0,-0.54,70,1.31,5,-1.23,40,-0.68,1,1,1,1,0,0,-0.45,0,-0.3,0,-0.31,0,-0.17,0,-0.11
47,8,66,1,3,2.2,0,0,-0.54,55,0.41,10,-0.56,110,0.66,1,0,0,0,0,0,-0.45,0,-0.3,0,-0.31,0,-0.17,0,-0.11
48,9,69,1,1,0.19,0,0,-0.54,50,0.11,10,-0.56,35,-0.78,1,0,0,1,0,0,-0.45,0,-0.3,0,-0.31,0,-0.17,0,-0.11
49,10,78,1,1,0.19,0,0,-0.54,60,0.71,15,0.12,10,-1.25,1,0,0,0,0,0,-0.45,0,-0.3,0,-0.31,0,-0.17,0,-0.11
50,10,86,1,1,0.19,0,0,-0.54,40,-0.5,25,1.48,20,-1.06,1,1,1,0,0,0,-0.45,0,-0.3,0,-0.31,0,-0.17,0,-0.11
51,12,93,1,1,0.19,0,0,-0.54,55,0.41,15,0.12,150,1.42,1,1,1,1,0,0,-0.45,0,-0.3,0,-0.31,0,-0.17,0,-0.11
52,10,94,1,1,0.19,0,0,-0.54,70,1.31,25,1.48,180,1.99,1,0,0,0,0,0,-0.45,0,-0.3,0,-0.31,0,-0.17,0,-0.11
53,12,100,1,1,0.19,0,0,-0.54,45,-0.2,5,-1.23,110,0.66,1,0,0,0,1,0,-0.45,0,-0.3,0,-0.31,0,-0.17,0,-0.11
54,12,102,1,1,0.19,0,0,-0.54,40,-0.5,5,-1.23,70,-0.11,1,0,0,1,0,0,-0.45,0,-0.3,0,-0.31,0,-0.17,0,-0.11
55,12,111,1,1,0.19,0,0,-0.54,40,-0.5,10,-0.56,30,-0.87,0,1,1,0,0,0,-0.45,0,-0.3,0,-0.31,0,-0.17,0,-0.11
56,12,120,1,3,2.2,0,0,-0.54,50,0.11,15,0.12,80,0.08,1,1,1,1,1,0,-0.45,0,-0.3,0,-0.31,0,-0.17,0,-0.11
57,22,184,1,1,0.19,0,0,-0.54,50,0.11,20,0.8,15,-1.16,1,1,1,1,1,0,-0.45,0,-0.3,0,-0.31,0,-0.17,0,-0.11
58,1,3,0,0,-0.82,1,6,-0.15,45,-0.2,15,0.12,150,1.42,1,0,0,0,0,5,-0.13,0,-0.3,0,-0.31,1,5.93,0,-0.11
59,3,7,0,0,-0.82,1,10,0.11,25,-1.4,30,2.16,110,0.66,1,0,0,0,0,10,0.2,0,-0.3,0,-0.31,0,-0.17,0,-0.11
60,3,8,0,0,-0.82,1,2,-0.41,60,0.71,15,0.12,160,1.61,1,0,1,1,0,2,-0.32,0,-0.3,0,-0.31,0,-0.17,0,-0.11
61,3,10,0,0,-0.82,1,5,-0.21,45,-0.2,15,0.12,185,2.09,1,0,0,0,0,3,-0.26,0,-0.3,1,0.56,0,-0.17,0,-0.11
62,4,14,0,0,-0.82,1,1,-0.47,60,0.71,12,-0.28,10,-1.25,0,0,1,0,0,0,-0.45,0,-0.3,0,-0.31,0,-0.17,0,-0.11
63,4,17,0,0,-0.82,1,2,-0.41,40,-0.5,25,1.48,150,1.42,1,0,0,0,0,2,-0.32,0,-0.3,0,-0.31,0,-0.17,0,-0.11
64,4,19,0,0,-0.82,1,1,-0.47,15,-2,3,-1.51,3,-1.39,0,0,0,0,1,0,-0.45,0,-0.3,0,-0.31,0,-0.17,0,-0.11
65,5,21,0,0,-0.82,1,1,-0.47,35,-0.8,30,2.16,10,-1.25,0,1,0,0,0,0,-0.45,1,0.2,0,-0.31,0,-0.17,0,-0.11
66,5,23,0,0,-0.82,1,20,0.76,45,-0.2,10,-0.56,180,1.99,1,0,0,1,0,20,0.84,0,-0.3,0,-0.31,0,-0.17,0,-0.11
67,5,23,0,0,-0.82,1,20,0.76,45,-0.2,10,-0.56,180,1.99,1,0,0,1,0,20,0.84,0,-0.3,0,-0.31,0,-0.17,0,-0.11
68,5,25,0,0,-0.82,1,2,-0.41,45,-0.2,35,2.84,70,-0.11,1,0,0,0,0,2,-0.32,0,-0.3,0,-0.31,0,-0.17,0,-0.11
69,5,26,0,0,-0.82,1,1,-0.47,55,0.41,20,0.8,10,-1.25,1,0,0,0,0,0,-0.45,0,-0.3,1,0.56,0,-0.17,0,-0.11
70,12,26,0,0,-0.82,1,1,-0.47,55,0.41,20,0.8,10,-1.25,1,0,0,0,0,0,-0.45,0,-0.3,1,0.56,0,-0.17,0,-0.11
71,6,30,0,0,-0.82,1,1,-0.47,37.5,-0.65,15,0.12,50,-0.49,0,0,1,1,0,1,-0.39,0,-0.3,0,-0.31,0,-0.17,0,-0.11
72,6,31,0,0,-0.82,1,5,-0.21,25,-1.4,15,0.12,100,0.47,0,1,0,0,1,3,-0.26,1,0.2,0,-0.31,0,-0.17,0,-0.11
73,6,32,0,0,-0.82,1,1,-0.47,45,-0.2,5,-1.23,15,-1.16,1,0,0,0,0,0,-0.45,0,-0.3,0,-0.31,0,-0.17,0,-0.11
74,6,34,0,0,-0.82,1,1,-0.47,40,-0.5,3,-1.51,15,-1.16,1,0,0,0,1,0,-0.45,1,0.2,0,-0.31,0,-0.17,0,-0.11
75,7,42,0,0,-0.82,1,5,-0.21,40,-0.5,20,0.8,8,-1.29,1,0,0,0,0,5,-0.13,0,-0.3,0,-0.31,0,-0.17,0,-0.11
76,7,43,0,0,-0.82,1,2,-0.41,30,-1.1,15,0.12,150,1.42,1,0,0,0,0,0,-0.45,0,-0.3,0,-0.31,0,-0.17,2,11.99
77,7,44,0,0,-0.82,1,1,-0.47,60,0.71,20,0.8,20,-1.06,1,0,0,0,0,1,-0.39,0,-0.3,0,-0.31,0,-0.17,0,-0.11
78,10,44,0,0,-0.82,1,1,-0.47,60,0.71,20,0.8,20,-1.06,1,0,0,0,0,1,-0.39,0,-0.3,0,-0.31,0,-0.17,0,-0.11
79,7,45,0,0,-0.82,1,5,-0.21,50,0.11,35,2.84,60,-0.3,0,0,1,1,0,0,-0.45,0,-0.3,0,-0.31,0,-0.17,0,-0.11
80,7,46,0,0,-0.82,1,5,-0.21,40,-0.5,25,1.48,100,0.47,1,0,0,0,0,5,-0.13,0,-0.3,0,-0.31,0,-0.17,0,-0.11
81,7,47,0,0,-0.82,1,10,0.11,45,-0.2,20,0.8,12,-1.21,1,0,0,0,0,10,0.2,0,-0.3,0,-0.31,0,-0.17,0,-0.11
82,8,57,0,0,-0.82,1,10,0.11,50,0.11,5,-1.23,120,0.85,1,0,0,0,0,0,-0.45,0,-0.3,0,-0.31,0,-0.17,0,-0.11
83,8,60,0,0,-0.82,1,0,-0.54,55,0.41,5,-1.23,25,-0.97,1,0,0,0,0,0,-0.45,0,-0.3,0,-0.31,0,-0.17,0,-0.11
84,8,67,0,0,-0.82,1,5,-0.21,35,-0.8,8,-0.83,70,-0.11,1,0,0,1,0,0,-0.45,0,-0.3,5,4.03,0,-0.17,0,-0.11
85,10,70,0,0,-0.82,1,5,-0.21,40,-0.5,20,0.8,45,-0.58,1,0,0,0,0,5,-0.13,0,-0.3,0,-0.31,0,-0.17,0,-0.11
86,10,77,0,0,-0.82,1,2,-0.41,75,1.61,5,-1.23,120,0.85,1,0,0,0,0,2,-0.32,0,-0.3,0,-0.31,0,-0.17,0,-0.11
87,12,79,0,0,-0.82,1,10,0.11,40,-0.5,10,-0.56,10,-1.25,1,0,0,0,0,0,-0.45,10,4.63,0,-0.31,0,-0.17,0,-0.11
88,10,82,0,0,-0.82,1,1,-0.47,60,0.71,5,-1.23,20,-1.06,1,0,0,1,0,0,-0.45,0,-0.3,0,-0.31,0,-0.17,0,-0.11
89,10,83,0,0,-0.82,1,1,-0.47,55,0.41,10,-0.56,15,-1.16,1,1,1,0,0,0,-0.45,0,-0.3,0,-0.31,0,-0.17,0,-0.11
90,10,84,0,0,-0.82,1,5,-0.21,45,-0.2,10,-0.56,100,0.47,1,0,0,0,0,0,-0.45,0,-0.3,0,-0.31,0,-0.17,0,-0.11
91,10,85,0,0,-0.82,1,2,-0.41,60,0.71,30,2.16,180,1.99,1,0,0,1,0,0,-0.45,0,-0.3,2,1.43,0,-0.17,0,-0.11
92,10,90,0,0,-0.82,1,5,-0.21,45,-0.2,20,0.8,80,0.08,1,1,0,0,0,0,-0.45,0,-0.3,5,4.03,0,-0.17,0,-0.11
93,10,92,0,0,-0.82,1,10,0.11,52.5,0.26,20,0.8,170,1.8,1,0,1,0,0,9,0.13,0,-0.3,0,-0.31,1,5.93,0,-0.11
94,12,95,0,0,-0.82,1,2,-0.41,40,-0.5,5,-1.23,20,-1.06,1,0,0,0,0,2,-0.32,0,-0.3,0,-0.31,0,-0.17,0,-0.11
95,12,96,0,0,-0.82,1,3,-0.34,40,-0.5,5,-1.23,40,-0.68,1,0,0,0,0,2,-0.32,1,0.2,0,-0.31,0,-0.17,0,-0.11
96,12,97,0,0,-0.82,1,5,-0.21,55,0.41,15,0.12,50,-0.49,1,0,0,1,0,5,-0.13,0,-0.3,0,-0.31,0,-0.17,0,-0.11
97,12,103,0,0,-0.82,1,1,-0.47,40,-0.5,10,-0.56,40,-0.68,1,0,0,0,0,0,-0.45,0,-0.3,1,0.56,0,-0.17,0,-0.11
98,12,109,0,0,-0.82,1,1,-0.47,55,0.41,15,0.12,60,-0.3,1,0,1,1,0,0,-0.45,0,-0.3,1,0.56,0,-0.17,0,-0.11
99,12,110,0,0,-0.82,1,1,-0.47,30,-1.1,20,0.8,40,-0.68,1,0,0,0,1,0,-0.45,0,-0.3,1,0.56,0,-0.17,0,-0.11
100,12,113,0,0,-0.82,1,13,0.31,45,-0.2,13,-0.15,170,1.8,1,0,0,0,0,5,-0.13,8,3.64,0,-0.31,0,-0.17,0,-0.11
101,12,115,0,0,-0.82,1,2,-0.41,30,-1.1,10,-0.56,75,-0.01,1,0,0,0,1,0,-0.45,0,-0.3,2,1.43,0,-0.17,0,-0.11
102,12,116,0,0,-0.82,1,2,-0.41,40,-0.5,18,0.53,15,-1.16,1,0,0,0,0,2,-0.32,0,-0.3,0,-0.31,0,-0.17,0,-0.11
103,13,126,0,0,-0.82,1,50,2.72,27.5,-1.25,12,-0.28,80,0.08,0,0,0,0,1,50,2.78,0,-0.3,0,-0.31,0,-0.17,0,-0.11
104,13,127,0,0,-0.82,1,2,-0.41,75,1.61,10,-0.56,100,0.47,1,1,1,1,1,0,-0.45,0,-0.3,2,1.43,0,-0.17,0,-0.11
105,13,128,0,0,-0.82,1,10,0.11,35,-0.8,8,-0.83,50,-0.49,1,1,0,0,1,10,0.2,0,-0.3,0,-0.31,0,-0.17,0,-0.11
106,14,128,0,0,-0.82,1,10,0.11,35,-0.8,8,-0.83,50,-0.49,1,1,0,0,1,10,0.2,0,-0.3,0,-0.31,0,-0.17,0,-0.11
107,13,130,0,0,-0.82,1,23,0.96,30,-1.1,12,-0.28,130,1.04,1,1,1,1,1,14,0.46,9,4.14,0,-0.31,0,-0.17,0,-0.11
108,13,131,0,0,-0.82,1,2,-0.41,40,-0.5,7,-0.96,100,0.47,1,1,0,0,1,0,-0.45,2,0.69,0,-0.31,0,-0.17,0,-0.11
109,14,133,0,0,-0.82,1,10,0.11,40,-0.5,10,-0.56,30,-0.87,0,0,1,1,0,9,0.13,0,-0.3,1,0.56,0,-0.17,0,-0.11
110,14,134,0,0,-0.82,1,2,-0.41,30,-1.1,6,-1.1,40,-0.68,1,1,0,0,1,2,-0.32,0,-0.3,0,-0.31,0,-0.17,0,-0.11
111,14,138,0,0,-0.82,1,1,-0.47,45,-0.2,8,-0.83,50,-0.49,1,1,0,0,1,1,-0.39,0,-0.3,0,-0.31,0,-0.17,0,-0.11
112,16,147,0,0,-0.82,1,5,-0.21,35,-0.8,10,-0.56,120,0.85,1,1,1,0,0,5,-0.13,0,-0.3,0,-0.31,0,-0.17,0,-0.11
113,17,156,0,0,-0.82,1,6,-0.15,35,-0.8,13,-0.15,40,-0.68,1,1,1,1,0,2,-0.32,4,1.67,0,-0.31,0,-0.17,0,-0.11
114,17,156,0,0,-0.82,1,6,-0.15,35,-0.8,13,-0.15,40,-0.68,0,0,0,0,0,2,-0.32,4,1.67,0,-0.31,0,-0.17,0,-0.11
115,18,156,0,0,-0.82,1,6,-0.15,35,-0.8,13,-0.15,40,-0.68,0,0,0,0,0,2,-0.32,4,1.67,0,-0.31,0,-0.17,0,-0.11
116,17,157,0,0,-0.82,1,1,-0.47,20,-1.7,8,-0.83,30,-0.87,1,1,1,1,1,1,-0.39,0,-0.3,0,-0.31,0,-0.17,0,-0.11
117,19,161,0,0,-0.82,1,5,-0.21,50,0.11,15,0.12,60,-0.3,1,1,1,1,1,5,-0.13,0,-0.3,0,-0.31,0,-0.17,0,-0.11
118,19,162,0,0,-0.82,1,5,-0.21,50,0.11,14,-0.01,40,-0.68,1,1,1,1,1,5,-0.13,0,-0.3,0,-0.31,0,-0.17,0,-0.11
119,20,167,0,0,-0.82,1,3,-0.34,35,-0.8,12,-0.28,70,-0.11,1,1,1,0,0,0,-0.45,3,1.18,0,-0.31,0,-0.17,0,-0.11
120,21,169,0,0,-0.82,1,5,-0.21,20,-1.7,15,0.12,70,-0.11,1,0,1,0,0,5,-0.13,0,-0.3,0,-0.31,0,-0.17,0,-0.11
121,21,172,0,0,-0.82,1,1,-0.47,45,-0.2,20,0.8,140,1.23,1,1,1,1,1,5,-0.13,0,-0.3,0,-0.31,0,-0.17,0,-0.11
122,21,176,0,0,-0.82,1,10,0.11,70,1.31,30,2.16,80,0.08,1,1,1,1,1,10,0.2,0,-0.3,0,-0.31,0,-0.17,0,-0.11
123,21,177,0,0,-0.82,1,20,0.76,65,1.01,35,2.84,100,0.47,1,1,1,1,1,3,-0.26,15,7.09,0,-0.31,0,-0.17,0,-0.11
124,1,2,1,2,1.19,1,2,-0.41,35,-0.8,35,2.84,60,-0.3,1,0,0,0,0,2,-0.32,0,-0.3,0,-0.31,0,-0.17,0,-0.11
125,2,5,1,2,1.19,1,50,2.72,40,-0.5,8,-0.83,120,0.85,1,0,1,0,0,50,2.78,0,-0.3,0,-0.31,0,-0.17,0,-0.11
126,2,6,1,2,1.19,1,50,2.72,30,-1.1,5,-1.23,40,-0.68,1,0,0,0,0,50,2.78,0,-0.3,0,-0.31,0,-0.17,0,-0.11
127,3,9,1,2,1.19,1,2,-0.41,30,-1.1,15,0.12,40,-0.68,0,0,1,1,0,2,-0.32,0,-0.3,0,-0.31,0,-0.17,0,-0.11
128,3,11,1,1,0.19,1,2,-0.41,45,-0.2,15,0.12,180,1.99,1,0,0,0,0,0,-0.45,2,0.69,0,-0.31,0,-0.17,0,-0.11
129,4,12,1,1,0.19,1,1,-0.47,30,-1.1,10,-0.56,15,-1.16,1,0,0,0,0,1,-0.39,0,-0.3,0,-0.31,0,-0.17,0,-0.11
130,4,13,1,1,0.19,1,3,-0.34,70,1.31,10,-0.56,50,-0.49,1,1,0,0,0,0,-0.45,0,-0.3,3,2.29,0,-0.17,0,-0.11
131,9,13,1,1,0.19,1,3,-0.34,70,1.31,10,-0.56,50,-0.49,1,1,0,0,0,0,-0.45,0,-0.3,3,2.29,0,-0.17,0,-0.11
132,4,15,1,1,0.19,1,1,-0.47,50,0.11,20,0.8,40,-0.68,1,0,0,0,0,0,-0.45,1,0.2,0,-0.31,0,-0.17,0,-0.11
133,4,16,1,1,0.19,1,10,0.11,57.5,0.56,18,0.53,60,-0.3,1,0,1,0,0,0,-0.45,0,-0.3,0,-0.31,0,-0.17,0,-0.11
134,4,18,1,2,1.19,1,10,0.11,20,-1.7,25,1.48,120,0.85,1,0,0,0,0,0,-0.45,0,-0.3,0,-0.31,0,-0.17,0,-0.11
135,5,22,1,1,0.19,1,5,-0.21,50,0.11,15,0.12,60,-0.3,1,0,0,0,0,5,-0.13,0,-0.3,0,-0.31,0,-0.17,0,-0.11
136,5,28,1,2,1.19,1,1,-0.47,35,-0.8,15,0.12,45,-0.58,1,0,0,0,0,1,-0.39,0,-0.3,0,-0.31,0,-0.17,0,-0.11
137,6,29,1,2,1.19,1,2,-0.41,42.5,-0.35,15,0.12,200,2.38,1,0,1,1,0,0,-0.45,0,-0.3,2,1.43,0,-0.17,0,-0.11
138,6,33,1,3,2.2,1,2,-0.41,45,-0.2,3,-1.51,45,-0.58,0,0,1,0,0,1,-0.39,0,-0.3,0,-0.31,0,-0.17,1,5.94
139,6,35,1,1,0.19,1,5,-0.21,50,0.11,5,-1.23,35,-0.78,1,0,0,0,1,0,-0.45,1,0.2,0,-0.31,0,-0.17,0,-0.11
140,6,36,1,1,0.19,1,10,0.11,50,0.11,5,-1.23,40,-0.68,0,1,0,0,0,10,0.2,0,-0.3,0,-0.31,0,-0.17,0,-0.11
141,7,39,1,1,0.19,1,5,-0.21,55,0.41,15,0.12,30,-0.87,1,0,0,0,0,5,-0.13,0,-0.3,0,-0.31,0,-0.17,0,-0.11
142,7,40,1,3,2.2,1,5,-0.21,70,1.31,35,2.84,15,-1.16,0,1,1,0,0,5,-0.13,0,-0.3,0,-0.31,0,-0.17,0,-0.11
143,7,41,1,3,2.2,1,50,2.72,80,1.91,10,-0.56,150,1.42,1,1,1,0,0,50,2.78,0,-0.3,0,-0.31,0,-0.17,0,-0.11
144,8,46,1,1,0.19,1,5,-0.21,40,-0.5,25,1.48,100,0.47,1,0,0,0,0,5,-0.13,0,-0.3,0,-0.31,0,-0.17,0,-0.11
145,7,48,1,1,0.19,1,1,-0.47,25,-1.4,15,0.12,40,-0.68,1,1,1,0,0,0,-0.45,0,-0.3,0,-0.31,0,-0.17,0,-0.11
146,7,48,1,1,0.19,1,1,-0.47,25,-1.4,15,0.12,40,-0.68,1,1,1,0,0,0,-0.45,0,-0.3,0,-0.31,0,-0.17,0,-0.11
147,7,49,1,1,0.19,1,10,0.11,30,-1.1,20,0.8,15,-1.16,1,0,0,0,0,7,0,0,-0.3,3,2.29,0,-0.17,0,-0.11
148,8,55,1,1,0.19,1,1,-0.47,50,0.11,20,0.8,50,-0.49,1,0,1,0,0,1,-0.39,0,-0.3,0,-0.31,0,-0.17,0,-0.11
149,8,58,1,1,0.19,1,5,-0.21,80,1.91,8,-0.83,90,0.27,1,1,1,1,0,0,-0.45,0,-0.3,0,-0.31,0,-0.17,0,-0.11
150,9,68,1,1,0.19,1,1,-0.47,60,0.71,35,2.84,80,0.08,1,1,1,1,1,0,-0.45,0,-0.3,0,-0.31,0,-0.17,0,-0.11
151,10,71,1,1,0.19,1,20,0.76,30,-1.1,15,0.12,20,-1.06,1,0,0,0,0,10,0.2,10,4.63,0,-0.31,0,-0.17,0,-0.11
152,10,72,1,1,0.19,1,1,-0.47,60,0.71,5,-1.23,20,-1.06,1,0,0,0,0,1,-0.39,0,-0.3,0,-0.31,0,-0.17,0,-0.11
153,10,73,1,2,1.19,1,1,-0.47,65,1.01,20,0.8,70,-0.11,1,0,0,0,0,1,-0.39,0,-0.3,0,-0.31,0,-0.17,0,-0.11
154,10,74,1,3,2.2,1,2,-0.41,40,-0.5,5,-1.23,50,-0.49,1,0,0,0,1,1,-0.39,0,-0.3,0,-0.31,1,5.93,0,-0.11
155,10,76,1,1,0.19,1,1,-0.47,85,2.21,5,-1.23,55,-0.39,1,0,0,0,0,0,-0.45,0,-0.3,0,-0.31,1,5.93,0,-0.11
156,10,79,1,1,0.19,1,10,0.11,40,-0.5,10,-0.56,10,-1.25,1,0,0,0,0,0,-0.45,10,4.63,0,-0.31,0,-0.17,0,-0.11
157,10,80,1,1,0.19,1,1,-0.47,25,-1.4,10,-0.56,40,-0.68,0,0,0,0,1,0,-0.45,1,0.2,0,-0.31,0,-0.17,0,-0.11
158,10,81,1,1,0.19,1,5,-0.21,30,-1.1,25,1.48,150,1.42,1,0,0,0,1,5,-0.13,0,-0.3,0,-0.31,0,-0.17,0,-0.11
159,10,87,1,1,0.19,1,5,-0.21,55,0.41,20,0.8,30,-0.87,1,0,0,0,0,0,-0.45,0,-0.3,5,4.03,0,-0.17,0,-0.11
160,10,88,1,1,0.19,1,1,-0.47,90,2.51,5,-1.23,80,0.08,1,1,1,0,0,0,-0.45,0,-0.3,1,0.56,0,-0.17,0,-0.11
161,10,89,1,1,0.19,1,1,-0.47,62.5,0.86,35,2.84,120,0.85,1,0,0,0,0,0,-0.45,0,-0.3,0,-0.31,1,5.93,0,-0.11
162,12,99,1,3,2.2,1,1,-0.47,70,1.31,5,-1.23,80,0.08,1,0,0,0,0,1,-0.39,0,-0.3,0,-0.31,0,-0.17,0,-0.11
163,12,101,1,2,1.19,1,20,0.76,55,0.41,10,-0.56,20,-1.06,1,1,1,1,0,20,0.84,0,-0.3,0,-0.31,0,-0.17,0,-0.11
164,12,107,1,1,0.19,1,1,-0.47,60,0.71,18,0.53,35,-0.78,1,1,0,1,0,0,-0.45,0,-0.3,1,0.56,0,-0.17,0,-0.11
165,12,117,1,1,0.19,1,10,0.11,70,1.31,10,-0.56,150,1.42,1,0,0,0,0,10,0.2,0,-0.3,0,-0.31,0,-0.17,0,-0.11
166,12,118,1,1,0.19,1,20,0.76,70,1.31,10,-0.56,130,1.04,1,1,1,1,0,10,0.2,10,4.63,0,-0.31,0,-0.17,0,-0.11
167,12,119,1,1,0.19,1,2,-0.41,60,0.71,10,-0.56,70,-0.11,1,0,1,1,0,2,-0.32,0,-0.3,0,-0.31,0,-0.17,0,-0.11
168,13,121,1,3,2.2,1,100,5.97,40,-0.5,8,-0.83,30,-0.87,0,1,1,0,0,100,6.01,0,-0.3,0,-0.31,0,-0.17,0,-0.11
169,13,122,1,3,2.2,1,5,-0.21,40,-0.5,9,-0.69,110,0.66,1,1,0,0,0,5,-0.13,0,-0.3,0,-0.31,0,-0.17,0,-0.11
170,13,123,1,1,0.19,1,5,-0.21,50,0.11,10,-0.56,50,-0.49,1,1,1,1,0,5,-0.13,0,-0.3,0,-0.31,0,-0.17,0,-0.11
171,14,123,1,1,0.19,1,5,-0.21,50,0.11,10,-0.56,50,-0.49,1,1,1,1,0,5,-0.13,0,-0.3,0,-0.31,0,-0.17,0,-0.11
172,13,124,1,1,0.19,1,20,0.76,65,1.01,10,-0.56,70,-0.11,1,1,1,1,0,20,0.84,0,-0.3,0,-0.31,0,-0.17,0,-0.11
173,18,132,1,2,1.19,1,8,-0.02,30,-1.1,8,-0.83,130,1.04,0,0,0,0,0,3,-0.26,5,2.17,0,-0.31,0,-0.17,0,-0.11
174,14,140,1,1,0.19,1,5,-0.21,50,0.11,7,-0.96,50,-0.49,1,1,1,1,0,5,-0.13,0,-0.3,0,-0.31,0,-0.17,0,-0.11
175,14,141,1,1,0.19,1,5,-0.21,50,0.11,8,-0.83,60,-0.3,1,1,0,1,0,5,-0.13,0,-0.3,0,-0.31,0,-0.17,0,-0.11
176,14,142,1,1,0.19,1,6,-0.15,40,-0.5,14,-0.01,30,-0.87,1,1,1,0,0,0,-0.45,0,-0.3,5,4.03,1,5.93,0,-0.11
177,15,144,1,1,0.19,1,20,0.76,60,0.71,12,-0.28,40,-0.68,1,1,1,1,1,20,0.84,0,-0.3,0,-0.31,0,-0.17,0,-0.11
178,15,145,1,2,1.19,1,20,0.76,65,1.01,6,-1.1,40,-0.68,1,1,1,1,1,20,0.84,0,-0.3,0,-0.31,0,-0.17,0,-0.11
179,16,146,1,5,4.2,1,5,-0.21,27.5,-1.25,9,-0.69,210,2.57,1,1,1,1,0,5,-0.13,0,-0.3,0,-0.31,0,-0.17,0,-0.11
180,16,148,1,1,0.19,1,5,-0.21,35,-0.8,10,-0.56,130,1.04,1,1,1,0,0,5,-0.13,0,-0.3,0,-0.31,0,-0.17,0,-0.11
181,17,151,1,4,3.2,1,5,-0.21,50,0.11,12,-0.28,100,0.47,1,1,1,0,0,5,-0.13,0,-0.3,0,-0.31,0,-0.17,0,-0.11
182,17,151,1,2,1.19,1,5,-0.21,50,0.11,12,-0.28,100,0.47,1,1,1,0,0,5,-0.13,0,-0.3,0,-0.31,0,-0.17,0,-0.11
183,17,152,1,1,0.19,1,1,-0.47,60,0.71,11,-0.42,80,0.08,1,1,1,1,1,0,-0.45,1,0.2,0,-0.31,0,-0.17,0,-0.11
184,20,152,1,2,1.19,1,1,-0.47,60,0.71,11,-0.42,80,0.08,0,0,0,0,0,0,-0.45,1,0.2,0,-0.31,0,-0.17,0,-0.11
185,20,152,1,1,0.19,1,1,-0.47,60,0.71,11,-0.42,80,0.08,0,0,0,0,0,0,-0.45,1,0.2,0,-0.31,0,-0.17,0,-0.11
186,17,153,1,1,0.19,1,12,0.24,70,1.31,10,-0.56,180,1.99,1,1,1,1,1,6,-0.06,0,-0.3,6,4.9,0,-0.17,0,-0.11
187,17,153,1,1,0.19,1,12,0.24,70,1.31,10,-0.56,180,1.99,0,0,0,0,0,6,-0.06,0,-0.3,6,4.9,0,-0.17,0,-0.11
188,18,153,1,2,1.19,1,12,0.24,70,1.31,10,-0.56,180,1.99,0,0,0,0,0,6,-0.06,0,-0.3,6,4.9,0,-0.17,0,-0.11
189,18,153,1,4,3.2,1,12,0.24,70,1.31,10,-0.56,180,1.99,0,0,0,0,0,6,-0.06,0,-0.3,6,4.9,0,-0.17,0,-0.11
190,17,154,1,1,0.19,1,6,-0.15,60,0.71,8,-0.83,50,-0.49,1,1,1,1,0,3,-0.26,3,1.18,0,-0.31,0,-0.17,0,-0.11
191,18,154,1,1,0.19,1,10,0.11,60,0.71,8,-0.83,50,-0.49,1,1,1,1,0,3,-0.26,3,1.18,0,-0.31,0,-0.17,0,-0.11
192,18,158,1,2,1.19,1,15,0.44,40,-0.5,7,-0.96,90,0.27,1,1,1,1,1,10,0.2,5,2.17,0,-0.31,0,-0.17,0,-0.11
193,18,159,1,1,0.19,1,50,2.72,70,1.31,10,-0.56,150,1.42,1,1,1,1,1,50,2.78,0,-0.3,0,-0.31,0,-0.17,0,-0.11
194,18,159,1,2,1.19,1,50,2.72,70,1.31,10,-0.56,150,1.42,0,0,0,0,0,50,2.78,0,-0.3,0,-0.31,0,-0.17,0,-0.11
195,18,160,1,1,0.19,1,50,2.72,70,1.31,14,-0.01,170,1.8,1,1,1,1,1,50,2.78,0,-0.3,0,-0.31,0,-0.17,0,-0.11
196,20,163,1,1,0.19,1,15,0.44,20,-1.7,12,-0.28,70,-0.11,1,1,1,1,1,15,0.52,0,-0.3,0,-0.31,0,-0.17,0,-0.11
197,20,164,1,1,0.19,1,15,0.44,15,-2,10,-0.56,25,-0.97,1,1,1,1,1,15,0.52,0,-0.3,0,-0.31,0,-0.17,0,-0.11
198,20,165,1,1,0.19,1,15,0.44,10,-2.3,8,-0.83,20,-1.06,1,1,1,1,1,15,0.52,0,-0.3,0,-0.31,0,-0.17,0,-0.11
199,21,168,1,1,0.19,1,23,0.96,25,-1.4,20,0.8,170,1.8,1,0,0,0,0,18,0.71,5,2.17,0,-0.31,0,-0.17,0,-0.11
200,21,170,1,2,1.19,1,100,5.97,35,-0.8,20,0.8,15,-1.16,1,1,1,1,1,100,6.01,0,-0.3,0,-0.31,0,-0.17,0,-0.11
201,21,171,1,2,1.19,1,30,1.42,35,-0.8,20,0.8,30,-0.87,1,1,1,1,1,30,1.49,0,-0.3,0,-0.31,0,-0.17,0,-0.11
202,21,173,1,1,0.19,1,5,-0.21,30,-1.1,25,1.48,25,-0.97,1,1,1,1,1,0,-0.45,5,2.17,0,-0.31,0,-0.17,0,-0.11
203,21,174,1,2,1.19,1,1,-0.47,65,1.01,20,0.8,80,0.08,1,1,0,1,0,0,-0.45,0,-0.3,1,0.56,0,-0.17,0,-0.11
204,21,175,1,2,1.19,1,1,-0.47,25,-1.4,20,0.8,20,-1.06,1,1,1,0,0,0,-0.45,0,-0.3,1,0.56,0,-0.17,0,-0.11
205,21,178,1,1,0.19,1,10,0.11,30,-1.1,15,0.12,25,-0.97,1,1,1,0,0,7,0,0,-0.3,3,2.29,0,-0.17,0,-0.11
206,21,178,1,2,1.19,1,10,0.11,30,-1.1,15,0.12,25,-0.97,0,0,0,0,0,7,0,0,-0.3,3,2.29,0,-0.17,0,-0.11
207,21,179,1,2,1.19,1,20,0.76,30,-1.1,20,0.8,15,-1.16,1,0,0,0,0,20,0.84,0,-0.3,0,-0.31,0,-0.17,0,-0.11
208,21,180,1,1,0.19,1,50,2.72,40,-0.5,15,0.12,20,-1.06,0,0,1,1,0,50,2.78,0,-0.3,0,-0.31,0,-0.17,0,-0.11
209,21,181,1,2,1.19,1,50,2.72,55,0.41,20,0.8,100,0.47,1,1,1,0,0,50,2.78,0,-0.3,0,-0.31,0,-0.17,0,-0.11
210,21,181,1,1,0.19,1,50,2.72,55,0.41,20,0.8,100,0.47,0,0,0,0,0,50,2.78,0,-0.3,0,-0.31,0,-0.17,0,-0.11
211,21,181,1,3,2.2,1,50,2.72,55,0.41,20,0.8,100,0.47,0,0,0,0,0,50,2.78,0,-0.3,0,-0.31,0,-0.17,0,-0.11
212,23,182,1,1,0.19,1,50,2.72,40,-0.5,25,1.48,210,2.57,1,1,1,1,1,50,2.78,0,-0.3,0,-0.31,0,-0.17,0,-0.11
213,23,182,1,1,0.19,1,50,2.72,40,-0.5,25,1.48,210,2.57,0,0,0,0,0,50,2.78,0,-0.3,0,-0.31,0,-0.17,0,-0.11
214,23,183,1,1,0.19,1,50,2.72,35,-0.8,15,0.12,200,2.38,1,1,1,0,0,50,2.78,0,-0.3,0,-0.31,0,-0.17,0,-0.11
